"question","answer"
"When was the Alaska Department of Snow established?","The Alaska Department of Snow (ADS) was established in 1959, coinciding with Alaska’s admission as a U.S. state."
"What is the mission of the Alaska Department of Snow?","Our mission is to ensure safe, efficient travel and infrastructure continuity by coordinating snow removal services across the state’s 650,000 square miles."
"How does ADS coordinate plowing across different regions?","ADS works with local municipalities and regional offices to schedule and prioritize plowing routes, focusing first on high-traffic roads, emergency routes, and schools."
"Who do I contact to report an unplowed road?","Contact your local ADS regional office. Each region maintains a hotline for snow-related service requests and emergencies."
"Does ADS oversee school closure decisions?","While ADS provides data on snow conditions, final school closure decisions are made by local school districts. ADS coordinates closely to keep them informed."
"How can I find out if my street is scheduled to be plowed?","Check the ADS website’s interactive map or call your regional office. Schedules are updated in real time, especially during heavy snowfall."
"What if my driveway is blocked by snow after plowing?","ADS crews aim to minimize driveway blockages, but it can happen. Residents are generally responsible for clearing driveway entries. Contact your region for severe cases."
"How does ADS communicate with other state agencies?","ADS uses a statewide interagency platform to share weather data, route priorities, and incident reports, ensuring coordinated responses during severe snow events."
"What should I do if I see a stranded vehicle during a snowstorm?","Call 911 for emergencies. For non-emergencies, notify ADS or your local police to help coordinate assistance and remove hazards from the road."
"Does ADS have a smartphone app?","Yes. The ADS “SnowLine” app offers real-time plow tracking, road conditions, and the ability to submit service requests directly from your phone."
"How can I apply for a job with ADS?","All ADS job postings are listed on the official State of Alaska jobs website. You can filter for Alaska Department of Snow positions and apply online."
"Is there a fee for requesting a new plow route?","No. Residents can request plow services free of charge, but final approval depends on feasibility studies and budget availability."
"How does ADS determine budget allocations for snow removal?","ADS coordinates with the state legislature and the CFO’s office, considering factors like snowfall averages, population density, and historical service costs."
"Who is the CFO of ADS?","The current CFO is Janet Kirk, appointed in 2022. She oversees all financial operations, including cost management and budget forecasting."
"What concerns does the CFO have about ADS operations?","The CFO is primarily concerned about controlling operational costs, especially regarding cloud-based technology solutions for data management."
"How many people does ADS serve?","ADS serves approximately 750,000 people across Alaska’s widely distributed communities and remote areas."
"Does ADS use cloud services for its data?","ADS is exploring cloud options for real-time data sharing, but some administrators have reservations about security, compliance, and ongoing costs."
"What kind of vehicles does ADS operate?","ADS operates a fleet of snowplows, graders, and specialized “snow blowers” designed for extreme weather. Some remote regions also use tracked vehicles."
"How do I volunteer to help with community snow events?","Check your local ADS district’s website or bulletin board. Some regions host volunteer programs for sidewalk clearing and elderly assistance."
"What is ADS’s stance on snow tires and chains?","ADS recommends snow tires or chains in harsh conditions. However, regulations vary by municipality. Check local ordinances for mandatory use periods."
"How do I request a refund if a private contractor damaged my property?","ADS is not responsible for private contractor damages. Contact the contractor directly or your local municipality for guidance on claims."
"Does ADS offer financial assistance for snow removal equipment?","ADS does not provide direct financial assistance. However, some state grants may be available to local governments for purchasing snow removal equipment."
"Are ADS plows available for hire for private property?","No. ADS resources are dedicated to public roads and infrastructure. Private snow removal must be arranged through local contractors."
"How can I check current road conditions statewide?","Use the ADS “SnowLine” app or visit the official ADS website’s road conditions dashboard, which is updated hourly with closures and warnings."
"Does ADS handle avalanche control?","Yes. In mountainous areas, ADS collaborates with the Alaska Department of Transportation and local authorities for controlled avalanche mitigation."
"Is ADS responsible for clearing sidewalks?","In most cities, sidewalk clearing is a municipal responsibility. ADS focuses on major roads and highways, though some regions have joint agreements."
"Where can I file a complaint about late plowing?","You can file a complaint through the ADS website or call the district office responsible for your region. Complaints are addressed in order of urgency."
"How does ADS measure the success of its snow removal efforts?","Key performance indicators include response times, road accident rates, and feedback from local communities after major snow events."
"Does ADS provide emergency kits for drivers?","ADS does not provide kits directly, but we recommend drivers carry items like blankets, flashlights, water, and a shovel during winter travel."
"What training do ADS snowplow drivers receive?","Drivers undergo specialized training in winter driving techniques, equipment maintenance, and safety protocols for extreme cold environments."
"How do I become a snowplow driver with ADS?","Check job postings for equipment operator or driver positions. Applicants typically need a commercial driver’s license (CDL) and relevant experience."
"What is the process for requesting a snow berm removal?","A berm is the leftover snow pile created by plows. Contact your local ADS district; they may clear excessively large berms if they pose a safety risk."
"How does ADS handle interagency communication?","ADS uses a centralized coordination system shared with local governments, school districts, and emergency services to streamline announcements and responses."
"Does ADS close highways during blizzards?","Yes. If conditions are too dangerous, ADS will temporarily close highways. Announcements are made via local radio, the ADS website, and the SnowLine app."
"Where does ADS get its weather forecasts?","ADS partners with the National Weather Service and maintains localized weather monitoring stations for more precise data across diverse regions."
"How do schools typically learn about impending storms?","ADS shares forecast data with school districts, which helps superintendents decide on closures or delays based on road safety and storm severity."
"Are there specific guidelines for plowing near airports?","Yes. ADS works with airport authorities under federal regulations to maintain runways and airport access roads. These routes are high priority."
"What happens if ADS exceeds its annual budget?","If snow removal costs surpass the allocated budget, ADS may request emergency funding from the state or redirect funds from lower-priority projects."
"How can I stay informed about ADS news and updates?","Subscribe to the ADS newsletter on the official website or follow the department’s social media channels for ongoing updates and announcements."
"How does ADS handle remote Alaskan villages?","ADS partners with local tribal councils and borough offices. In extremely remote areas, plows may be airlifted or shipped by barge when roads are inaccessible."
"Does ADS have any apprenticeship or internship programs?","Yes. ADS offers seasonal internships in administrative roles and equipment maintenance, often in partnership with local colleges."
"How are emergency snow response protocols activated?","When a severe storm is forecast, ADS coordinates with the State Emergency Operations Center, mobilizing additional crews and pre-positioning equipment."
"Who manages the SnowLine app updates?","ADS’s IT division manages app maintenance and updates, occasionally contracting specialized developers for major feature releases."
"Can ADS plow contractors work outside their assigned areas?","Only with regional authorization. Contractors must follow ADS guidelines and can be reassigned during emergencies to high-priority zones."
"What if I disagree with a closure decision made by ADS?","Closure decisions are made for public safety. If you have concerns, contact ADS’s public liaison office. They review feedback and clarify closure justifications."
"Is there a toll-free number for statewide ADS inquiries?","Yes. You can reach ADS statewide at 1-800-SNOW-ADS (1-800-766-9237) for general information and to be redirected to your local office."
"Can I request data on ADS’s annual snowfall measurements?","Yes. ADS publishes annual snowfall reports and statistics on its website. You can also file a public records request for more detailed data."
"What technology is ADS exploring for cost savings?","ADS is evaluating GPS tracking for plow fleets, remote sensors for snowfall measurement, and potential cloud solutions to improve interagency communication."
"Can I track the location of active snowplows in my area?","Yes. The SnowLine app shows active snowplow locations in most regions, allowing residents to see where plows are currently deployed."
"Is ADS planning to expand services?","With ongoing population changes, ADS continuously evaluates expansion of services and routes, but any expansion depends on state funding and legislative approval."
